chromosome	position	reference	alternate	true_gene	true_function	true_aachange
chr1	117078761	G	A	CD58	stopgain	p.R152X
chr1	149859187	G	A	HIST2H2AB	nonsynonymous_SNV	p.L94F
chr10	93389903	A	C	PPP1R3C	nonsynonymous_SNV	p.F245L
chr11	637473	G	A	DRD4	nonsynonymous_SNV	p.V57M
chr12	64890764	C	T	TBK1	nonsynonymous_SNV	p.T599M
chr12	85674187	G	A	ALX1	nonsynonymous_SNV	p.V50M
chr13	46924396	C	T	KIAA0226L	nonsynonymous_SNV	p.R259Q
chr13	58298857	G	A	PCDH17	nonsynonymous_SNV	p.R970H
chr17	58134614	T	A	HEATR6	nonsynonymous_SNV	p.D625V
chr2	138320848	C	A	THSD7B	nonsynonymous_SNV	p.H1066N
chr2	138738894	C	G	HNMT	nonsynonymous_SNV	p.S100C
chr2	141680611	T	C	LRP1B	nonsynonymous_SNV	p.D1081G
chr2	149226767	C	A	MBD5	nonsynonymous_SNV	p.H419N
chr2	166201311	C	T	SCN2A	nonsynonymous_SNV	p.R937C
chr2	182388222	G	T	ITGA4	nonsynonymous_SNV	p.C711F
chr2	223066845	G	T	PAX3	nonsynonymous_SNV	p.S412Y
chr2	27598547	C	T	SNX17	nonsynonymous_SNV	p.R292C
chr20	1218726	G	T	RAD21L1	nonsynonymous_SNV	p.D172Y
chr22	26894916	A	G	TFIP11	nonsynonymous_SNV	p.I452T
chr22	50599160	T	G	MOV10L1	nonsynonymous_SNV	p.L250W
chr3	108094647	G	T	HHLA2	stopgain	p.E387X
chr3	12632433	T	C	RAF1	nonsynonymous_SNV	p.M412V
chr3	38182638	G	T	MYD88	nonsynonymous_SNV	p.D159Y
chr3	38182641	T	C	MYD88	stoploss\x3bstoploss	p.X160R
chr3	52327041	A	G	GLYCTK	nonsynonymous_SNV	p.T491A
chr3	58120419	G	A	FLNB	nonsynonymous_SNV	p.G1531S
chr4	183268018	T	G	TENM3	nonsynonymous_SNV	p.S149R
chr4	22425867	G	A	ADGRA3	nonsynonymous_SNV	p.L518F
chr5	115148906	T	A	CDO1	nonsynonymous_SNV	p.I74F
chr5	125968320	A	G	TEX43	nonsynonymous_SNV	p.M57V
chr5	90072302	C	T	ADGRV1	stopgain	p.R4146X
chr6	26056349	C	G	HIST1H1C	nonsynonymous_SNV	p.G103A
chr6	36442679	G	A	KCTD20	nonsynonymous_SNV	p.E92K
chr6	56458681	C	T	DST	nonsynonymous_SNV	p.G1546D
chr7	31912978	G	A	PDE1C	nonsynonymous_SNV	p.A179V
chr7	50467880	A	G	IKZF1	nonsynonymous_SNV	p.N142S
chr7	55266451	T	C	EGFR	nonsynonymous_SNV	p.Y915H
chr8	2820801	C	T	CSMD1	nonsynonymous_SNV	p.A3133T
chr8	2855689	G	A	CSMD1	nonsynonymous_SNV	p.P2741S
chr9	131669495	C	T	LRRC8A	nonsynonymous_SNV	p.R18W
chrX	107402807	C	T	COL4A6	nonsynonymous_SNV	p.R1509H
chrX	122772812	T	A	THOC2	nonsynonymous_SNV	p.T605S
chrX	123514720	C	A	TENM1	nonsynonymous_SNV	p.R2615M
chrX	17750226	G	A	NHS	nonsynonymous_SNV	p.R1335H
chrX	39914756	C	T	BCOR	nonsynonymous_SNV	p.D1484N
chrX	49022686	G	A	MAGIX	nonsynonymous_SNV	p.R242Q
chrX	70608210	G	A	TAF1	nonsynonymous_SNV	p.A871T
chr1	200561254	C	T	KIF14	nonsynonymous_SNV	p.D432N
chr1	214557910	G	A	PTPN14	nonsynonymous_SNV	p.R430W
chr1	215844469	G	T	USH2A	nonsynonymous_SNV	p.P4660T
chr1	228003844	G	A	PRSS38	nonsynonymous_SNV	p.E68K
chr1	27277938	G	A	KDF1	nonsynonymous_SNV	p.R312C
chr1	8424259	G	A	RERE	nonsynonymous_SNV	p.R533C
chr10	134664629	C	T	CFAP46	nonsynonymous_SNV	p.V1919I
chr10	135370570	C	A	SYCE1	0	0
chr11	6643200	C	T	DCHS1	nonsynonymous_SNV	p.R3236H
chr12	12037390	C	T	ETV6	nonsynonymous_SNV	p.L341F
chr12	121476676	C	T	OASL	synonymous_SNV	p.V33V
chr12	46231437	C	T	ARID2	nonsynonymous_SNV	p.T426M
chr12	58350600	C	T	XRCC6BP1	nonsynonymous_SNV	p.P223L
chr13	113845186	G	A	PCID2	nonsynonymous_SNV	p.T156I
chr13	67799635	G	T	PCDH9	nonsynonymous_SNV	p.L980I
chr15	63991097	C	T	HERC1	nonsynonymous_SNV	p.D1579N
chr16	1268418	C	T	CACNA1H	nonsynonymous_SNV	p.A1879V
chr16	739532	C	T	WDR24	nonsynonymous_SNV	p.D37N
chr17	29645405	C	T	EVI2A	nonsynonymous_SNV	p.M209I
chr17	31618608	G	A	ASIC2	nonsynonymous_SNV	p.R176W
chr17	3663536	G	A	ITGAE	nonsynonymous_SNV	p.P215L
chr17	45481981	A	C	EFCAB13	nonsynonymous_SNV	p.K643Q
chr18	30349797	C	T	KLHL14	nonsynonymous_SNV	p.R253H
chr19	17170381	G	A	HAUS8	nonsynonymous_SNV	p.R135W
chr19	1754635	A	G	ONECUT3	nonsynonymous_SNV	p.E325G
chr19	2403181	G	A	TMPRSS9	nonsynonymous_SNV	p.E186K
chr19	40873699	C	T	PLD3	synonymous_SNV	p.A114A
chr19	4218008	C	T	ANKRD24	nonsynonymous_SNV	p.R951C
chr19	8056697	C	T	ELAVL1	nonsynonymous_SNV	p.M1I
chr2	109988085	C	T	SH3RF3	nonsynonymous_SNV	p.A298V
chr2	141359098	C	A	LRP1B	stopgain	p.G2304X
chr2	172563877	G	A	DYNC1I2	nonsynonymous_SNV	p.V121M
chr2	222365833	G	T	EPHA4	nonsynonymous_SNV	p.P244T
chr2	25065138	C	T	ADCY3	nonsynonymous_SNV	p.R314H
chr2	27306616	G	A	EMILIN1	nonsynonymous_SNV	p.R726Q
chr2	80801404	G	A	CTNNA2	nonsynonymous_SNV	p.V299I
chr20	61982084	C	T	CHRNA4	nonsynonymous_SNV	p.A227T
chr22	21332230	C	A	AIFM3	nonsynonymous_SNV	p.F471L
chr22	23235968	T	C	IGLL5	nonsynonymous_SNV	p.F99L
chr3	101484298	A	C	CEP97	nonsynonymous_SNV	p.Q775P
chr3	130368031	C	A	COL6A6	nonsynonymous_SNV	p.D1786E
chr3	176765159	G	C	TBL1XR1	nonsynonymous_SNV	p.H265D
chr3	182554962	G	A	ATP11B	nonsynonymous_SNV	p.R219K
chr3	33400776	C	T	FBXL2	nonsynonymous_SNV	p.A41V
chr3	38182641	T	C	MYD88	stoploss\x3bstoploss	p.X160R
chr3	64641296	G	T	ADAMTS9	nonsynonymous_SNV	p.N375K
chr4	70346371	T	G	UGT2B4	nonsynonymous_SNV	p.K523T
chr5	7804740	A	T	ADCY2	nonsynonymous_SNV	p.T940S
chr5	96512902	C	T	RIOK2	nonsynonymous_SNV	p.R139H
chr6	108678024	GGTAAA	G	LACE1	0	0
chr6	138198218	C	T	TNFAIP3	stopgain	p.R271X
chr6	26271278	G	A	HIST1H3G	nonsynonymous_SNV	p.A112V
chr6	27835140	C	G	HIST1H1B	nonsynonymous_SNV	p.E56D
chr6	34664230	T	G	C6orf106	nonsynonymous_SNV	p.T51P
chr6	37138772	G	A	PIM1	nonsynonymous_SNV	p.V160M
chr6	7231795	C	T	RREB1	nonsynonymous_SNV	p.R1155W
chr6	76554686	A	C	MYO6	nonsynonymous_SNV	p.S297R
chr7	138793969	G	A	ZC3HAV1	nonsynonymous_SNV	p.L37F
chr7	82586178	C	A	PCLO	nonsynonymous_SNV	p.G1364V
chr7	86468224	G	A	GRM3	nonsynonymous_SNV	p.R465Q
chr8	17228561	G	A	MTMR7	nonsynonymous_SNV	p.R99C
chr9	116053037	C	G	PRPF4	nonsynonymous_SNV	p.F401L
chr9	130270452	G	A	FAM129B	nonsynonymous_SNV	p.R475W
chr9	131107690	G	A	SLC27A4	nonsynonymous_SNV	p.V140M
chr9	132642527	T	A	USP20	nonsynonymous_SNV	p.I907N
chr9	137998657	G	A	OLFM1	nonsynonymous_SNV	p.G247R
chrX	31676196	T	A	DMD	nonsynonymous_SNV	p.K186N
chrX	37285225	G	T	PRRG1	nonsynonymous_SNV	p.R48I
chrX	69508335	T	A	PDZD11	nonsynonymous_SNV	p.E39V
chrX	70072935	C	A	TEX11	nonsynonymous_SNV	p.K158N
chr12	27066427	C	T	ASUN	nonsynonymous_SNV	p.D590N
chr13	58206767	A	T	PCDH17	nonsynonymous_SNV	p.Q29H
chr13	58208725	G	A	PCDH17	nonsynonymous_SNV	p.R682H
chr17	43322235	C	T	FMNL1	nonsynonymous_SNV	p.A856V
chr2	226273712	C	T	NYAP2	nonsynonymous_SNV	p.A39V
chr3	136714382	T	A	IL20RB	nonsynonymous_SNV	p.V270D
chr5	96503633	T	C	RIOK2	nonsynonymous_SNV	p.D312G
chr6	131186711	A	G	EPB41L2	nonsynonymous_SNV	p.S674P
chr8	69104006	G	T	PREX2	nonsynonymous_SNV	p.A1466S
chr9	134735962	C	T	MED27	nonsynonymous_SNV	p.R264Q
chr1	103544349	A	G	COL11A1	nonsynonymous_SNV	p.I118T
chr1	179851638	A	C	TOR1AIP1	nonsynonymous_SNV	p.M1L
chr1	210414990	C	T	SERTAD4	stopgain	p.R127X
chr1	214819644	A	T	CENPF	nonsynonymous_SNV	p.E2244V
chr1	234744235	A	C	IRF2BP2	nonsynonymous_SNV	p.L336V
chr1	242042584	C	A	EXO1	stopgain	p.S683X
chr1	52249957	A	C	OSBPL9	nonsynonymous_SNV	p.Y371S
chr1	55609840	T	G	USP24	nonsynonymous_SNV	p.N800T
chr10	112838212	C	T	ADRA2A	nonsynonymous_SNV	p.A153V
chr10	61005019	T	C	PHYHIPL	nonsynonymous_SNV	p.Y241H
chr10	7682733	T	G	ITIH5	nonsynonymous_SNV	p.T129P
chr11	118307601	A	C	KMT2A	nonsynonymous_SNV	p.N125T
chr11	128628143	T	C	FLI1	nonsynonymous_SNV	p.L51P
chr11	58034939	A	C	OR10W1	nonsynonymous_SNV	p.L131R
chr11	6638858	G	A	TPP1	stopgain	p.R127X
chr11	7950128	A	G	OR10A6	nonsynonymous_SNV	p.F28L
chr11	85685856	C	G	PICALM	0	0
chr12	120530903	C	G	CCDC64	nonsynonymous_SNV	p.R554G
chr12	21033877	T	C	SLCO1B3	nonsynonymous_SNV	p.C474R
chr13	41650237	G	T	WBP4	nonsynonymous_SNV	p.S207I
chr14	30105635	C	A	PRKD1	stopgain	p.E351X
chr15	42985735	C	T	STARD9	stopgain	p.Q3987X
chr15	59911231	G	A	GCNT3	stopgain	p.W265X
chr15	77240769	A	G	RCN2	nonsynonymous_SNV	p.E226G
chr16	10971239	G	C	CIITA	nonsynonymous_SNV\x3bnonsynonymous_SNV	p.G18R
chr16	11349020	T	A	SOCS1	nonsynonymous_SNV	p.S106C
chr16	27373599	T	C	IL4R	nonsynonymous_SNV	p.L309P
chr16	56435675	C	T	AMFR	nonsynonymous_SNV	p.R352Q
chr16	67663397	A	T	CTCF	stopgain	p.R272X
chr16	68712180	G	A	CDH3	synonymous_SNV	p.Q75Q
chr17	7578530	A	C	TP53	nonsynonymous_SNV	p.F2V
chr17	7708669	C	T	DNAH2	stopgain	p.R3134X
chr17	78187645	C	T	SGSH	nonsynonymous_SNV	p.D235N
chr18	31324793	G	A	ASXL3	nonsynonymous_SNV	p.V1661I
chr18	31537373	G	A	NOL4	nonsynonymous_SNV	p.P164S
chr18	66367724	T	C	TMX3	0	0
chr19	42406726	G	A	ARHGEF1	nonsynonymous_SNV	p.R481H
chr19	5931435	C	T	RANBP3	nonsynonymous_SNV	p.D157N
chr2	100289050	T	C	AFF3	nonsynonymous_SNV	p.M390V
chr2	125671864	G	C	CNTNAP5	stoploss	p.X1307S
chr2	141597638	C	T	LRP1B	nonsynonymous_SNV	p.D1711N
chr2	166003403	C	A	SCN3A	nonsynonymous_SNV	p.R506I
chr2	61719472	C	T	XPO1	nonsynonymous_SNV\x3bnonsynonymous_SNV	p.E571K
chr2	86831052	A	C	RNF103	nonsynonymous_SNV	p.C658G
chr20	49195167	G	T	PTPN1	0	0
chr22	23235933	G	A	IGLL5	nonsynonymous_SNV	p.G87E
chr22	50355415	G	C	PIM3	nonsynonymous_SNV	p.G191A
chr3	157131770	A	T	VEPH1	stopgain	p.L269X
chr3	48630567	G	A	COL7A1	nonsynonymous_SNV	p.T217M
chr3	57893695	T	C	SLMAP	nonsynonymous_SNV	p.L46P
chr4	1957807	T	C	WHSC1	nonsynonymous_SNV	p.S925P
chr4	3447999	G	A	HGFAC	nonsynonymous_SNV	p.A445T
chr4	85741341	T	TA	WDFY3	0	0
chr4	87022362	T	G	MAPK10	nonsynonymous_SNV	p.K46N
chr5	176715825	G	A	NSD1	nonsynonymous_SNV	p.E2053K
chr5	70883383	T	G	MCCC2	0	0
chr6	10995272	C	A	ELOVL2	nonsynonymous_SNV	p.W158L
chr6	110064382	G	T	FIG4	stopgain	p.G316X
chr6	26199193	C	G	HIST1H2AD	nonsynonymous_SNV	p.E93D
chr6	31598379	C	T	PRRC2A	stopgain	p.R756X
chr6	394899	T	C	IRF4	nonsynonymous_SNV\x3bnonsynonymous_SNV	p.C99R
chr6	42147118	G	A	GUCA1A	nonsynonymous_SNV	p.E195K
chr7	100004405	G	A	ZCWPW1	nonsynonymous_SNV	p.T362M
chr7	127991422	G	A	PRRT4	nonsynonymous_SNV	p.T385M
chr7	146825786	T	C	CNTNAP2	nonsynonymous_SNV	p.I314T
chr7	45121947	G	A	NACAD	stopgain	p.Q1278X
chr8	21976504	G	A	HR	nonsynonymous_SNV	p.R1058W
chr8	41790334	C	T	KAT6A	nonsynonymous_SNV	p.G1802R
chr8	67478948	G	C	MYBL1	nonsynonymous_SNV	p.L641V
chr8	67478989	A	C	MYBL1	nonsynonymous_SNV	p.L627R
chr8	88298873	A	G	CNBD1	nonsynonymous_SNV	p.K339R
chr9	100286495	A	G	TMOD1	nonsynonymous_SNV	p.K9E
chr9	109690244	G	A	ZNF462	nonsynonymous_SNV	p.A1351T
chr9	136226966	G	A	SURF2	nonsynonymous_SNV	p.G160R
chr9	37002701	C	G	PAX5	nonsynonymous_SNV	p.G75A
chr9	84208130	T	C	TLE1	nonsynonymous_SNV	p.D474G
chrX	12994895	G	A	TMSB4X	0	0
chrX	153236137	T	G	HCFC1	nonsynonymous_SNV	p.N52T
chrX	41205861	G	A	DDX3X	nonsynonymous_SNV	p.R518H
chrX	70627977	G	A	TAF1	nonsynonymous_SNV	p.V1474M
chrX	71349743	G	C	RGAG4	nonsynonymous_SNV	p.L550V
chrX	78426664	G	T	GPR174	nonsynonymous_SNV	p.A54S
chr1	114682402	G	A	SYT6	nonsynonymous_SNV	p.A31V
chr1	1565750	G	T	MIB2	nonsynonymous_SNV	p.R953L
chr1	157670258	G	T	FCRL3	nonsynonymous_SNV	p.L8M
chr1	160793586	G	A	LY9	synonymous_SNV	p.Q520Q
chr1	166819035	G	A	POGK	nonsynonymous_SNV	p.D289N
chr1	220835221	C	T	MARK1	nonsynonymous_SNV	p.R664W
chr1	235409733	A	G	ARID4B	0	0
chr1	243385056	A	C	CEP170	nonsynonymous_SNV	p.H55Q
chr1	27744787	G	T	WASF2	nonsynonymous_SNV	p.N134K
chr1	55352646	G	C	DHCR24	stopgain	p.Y49X
chr10	103360560	C	T	DPCD	nonsynonymous_SNV	p.P71S
chr10	104632932	G	A	AS3MT	nonsynonymous_SNV	p.G134S
chr10	13322974	A	T	PHYH	0	0
chr10	60936701	C	G	PHYHIPL	nonsynonymous_SNV	p.Q30E
chr11	103026219	G	T	DYNC2H1	nonsynonymous_SNV	p.A1245S
chr11	108277620	C	G	C11orf65	nonsynonymous_SNV	p.S100T
chr11	20136202	C	A	NAV2	nonsynonymous_SNV	p.A1406E
chr11	5862560	C	T	OR52E6	nonsynonymous_SNV	p.A190T
chr12	112677036	C	T	HECTD4	nonsynonymous_SNV	p.E1570K
chr12	5724367	G	C	ANO2	nonsynonymous_SNV	p.A643G
chr12	57496654	A	T	STAT6	nonsynonymous_SNV	p.N311K
chr12	75672732	T	G	CAPS2	nonsynonymous_SNV	p.S185R
chr12	7640487	C	A	CD163	nonsynonymous_SNV	p.Q539H
chr12	81833806	A	T	PPFIA2	nonsynonymous_SNV	p.V123D
chr12	95397390	A	C	NDUFA12	nonsynonymous_SNV	p.Y23D
chr12	993326	C	T	WNK1	nonsynonymous_SNV	p.A1007V
chr13	100617824	G	A	ZIC5	nonsynonymous_SNV	p.S600F
chr13	25376525	G	A	RNF17	nonsynonymous_SNV	p.G589S
chr13	76055467	T	G	TBC1D4	nonsynonymous_SNV	p.Q146P
chr13	76055738	G	A	TBC1D4	nonsynonymous_SNV	p.P56S
chr13	76055784	G	T	TBC1D4	stopgain	p.Y40X
chr14	100615733	G	A	DEGS2	nonsynonymous_SNV	p.R133C
chr14	35871743	G	A	NFKBIA	stopgain	p.Q255X
chr14	47426705	G	A	MDGA2	nonsynonymous_SNV	p.T585M
chr14	61517225	TACAG	T	SLC38A6	0	0
chr14	69256773	C	T	ZFP36L1	nonsynonymous_SNV	p.G165D
chr15	23048841	C	T	NIPA1	nonsynonymous_SNV	p.M251I
chr16	10861818	A	G	NUBP1	nonsynonymous_SNV	p.D267G
chr16	11348726	G	C	SOCS1	nonsynonymous_SNV	p.L204V
chr16	11348968	G	C	SOCS1	nonsynonymous_SNV	p.P123R
chr16	11349037	G	T	SOCS1	nonsynonymous_SNV	p.T100N
chr16	11349096	G	C	SOCS1	stopgain	p.Y80X
chr16	11349101	A	T	SOCS1	nonsynonymous_SNV\x3bnonsynonymous_SNV	p.F79I
chr16	16272681	C	T	ABCC6	nonsynonymous_SNV	p.G797R
chr16	18830939	C	A	SMG1	nonsynonymous_SNV	p.R3260L
chr16	71805079	A	T	AP1G1	stopgain	p.L182X
chr17	12899946	C	T	ELAC2	nonsynonymous_SNV	p.R486H
chr17	3029941	C	A	OR1G1	nonsynonymous_SNV	p.R302I
chr17	37933903	C	G	IKZF3	0	0
chr17	37933910	A	T	IKZF3	nonsynonymous_SNV	p.F27I
chr17	38645084	C	T	TNS4	nonsynonymous_SNV	p.E193K
chr17	42460925	C	A	ITGA2B	nonsynonymous_SNV	p.Q382H
chr17	66865883	C	A	ABCA8	nonsynonymous_SNV	p.D1517Y
chr17	72999499	G	A	CDR2L	nonsynonymous_SNV	p.R243H
chr17	78313613	C	T	RNF213	nonsynonymous_SNV	p.P1816S
chr17	79914789	G	A	NOTUM	nonsynonymous_SNV	p.A286V
chr18	21494381	G	A	LAMA3	nonsynonymous_SNV	p.R781Q
chr19	13264414	C	G	IER2	nonsynonymous_SNV	p.S138R
chr19	14143314	T	G	IL27RA	nonsynonymous_SNV	p.Y73D
chr19	45490471	T	G	CLPTM1	stopgain	p.Y262X
chr19	59063735	C	T	CHMP2A	nonsynonymous_SNV	p.R80Q
chr19	8386942	G	A	RPS28	nonsynonymous_SNV	p.A65T
chr2	101554236	G	A	NPAS2	nonsynonymous_SNV	p.A99T
chr2	179248887	G	A	OSBPL6	nonsynonymous_SNV	p.R635H
chr2	185803436	C	A	ZNF804A	nonsynonymous_SNV	p.Q1105K
chr2	204326638	G	A	RAPH1	nonsynonymous_SNV	p.A248V
chr2	230636334	C	T	TRIP12	stopgain	p.W1558X
chr2	234389945	T	A	USP40	0	0
chr2	26204573	C	T	KIF3C	nonsynonymous_SNV	p.D72N
chr20	47739648	C	T	STAU1	nonsynonymous_SNV	p.R235H
chr21	31971060	C	A	KRTAP6-2	nonsynonymous_SNV	p.G45V
chr22	44601656	C	T	PARVG	nonsynonymous_SNV	p.A278V
chr22	46807532	C	T	CELSR1	nonsynonymous_SNV	p.C1579Y
chr22	47433023	C	T	TBC1D22A	nonsynonymous_SNV	p.R342C
chr3	130312049	A	C	COL6A6	nonsynonymous_SNV	p.N1475H
chr3	147130409	C	A	ZIC1	nonsynonymous_SNV	p.L363I
chr3	16419276	C	G	RFTN1	nonsynonymous_SNV	p.D259H
chr3	16419287	C	A	RFTN1	nonsynonymous_SNV	p.S255I
chr3	183273176	A	G	KLHL6	nonsynonymous_SNV	p.V89A
chr3	183273179	A	T	KLHL6	nonsynonymous_SNV	p.V88E
chr3	48688478	A	T	CELSR3	nonsynonymous_SNV	p.S2073T
chr3	49315773	G	A	USP4	stopgain	p.Q902X
chr3	53264593	G	C	TKT	synonymous_SNV	p.G329G
chr3	56114913	C	T	ERC2	nonsynonymous_SNV	p.G525S
chr4	115997923	T	G	NDST4	nonsynonymous_SNV	p.Q90H
chr4	151504585	T	A	MAB21L2	nonsynonymous_SNV	p.L135Q
chr4	71532165	T	G	JCHAIN	nonsynonymous_SNV	p.I15L
chr4	85715773	G	T	WDFY3	nonsynonymous_SNV	p.A1129E
chr4	95191964	G	T	SMARCAD1	stopgain	p.E93X
chr5	137801566	T	A	EGR1	nonsynonymous_SNV	p.M39K
chr5	160029610	C	T	ATP10B	nonsynonymous_SNV	p.V1113M
chr5	26906212	C	T	CDH9	nonsynonymous_SNV	p.D223N
chr5	891800	G	A	BRD9	nonsynonymous_SNV	p.P23L
chr5	94619975	G	A	MCTP1	nonsynonymous_SNV	p.S102L
chr6	14118192	G	C	CD83	nonsynonymous_SNV	p.A17P
chr6	14118223	G	C	CD83	nonsynonymous_SNV	p.C27S
chr6	14118265	C	T	CD83	nonsynonymous_SNV	p.P41L
chr6	149916327	T	G	KATNA1	nonsynonymous_SNV	p.T441P
chr6	27860618	C	T	HIST1H2AM	nonsynonymous_SNV	p.A104T
chr6	39513460	C	A	KIF6	stopgain	p.E396X
chr7	121753245	T	C	AASS	nonsynonymous_SNV	p.N402S
chr7	4277309	G	A	SDK1	stopgain	p.W495X
chr7	51094298	C	T	COBL	nonsynonymous_SNV	p.R1150Q
chr7	88965765	A	T	ZNF804B	stopgain	p.K1157X
chr7	90356077	C	G	CDK14	nonsynonymous_SNV	p.S61C
chr8	141407816	T	C	TRAPPC9	nonsynonymous_SNV	p.E346G
chr8	2857581	G	C	CSMD1	nonsynonymous_SNV	p.T2701R
chr8	72948598	G	A	TRPA1	nonsynonymous_SNV	p.P827L
chr8	77767909	C	T	ZFHX4	nonsynonymous_SNV	p.P2918S
chr8	8748608	T	G	MFHAS1	nonsynonymous_SNV	p.N654T
chr9	100897219	G	A	CORO2A	nonsynonymous_SNV	p.P113S
chr9	131670195	G	A	LRRC8A	nonsynonymous_SNV	p.R251Q
chr9	135204807	A	T	SETX	stopgain	p.C726X
chrX	11187738	G	T	ARHGAP6	nonsynonymous_SNV	p.Q386K
chr1	115268929	T	C	CSDE1	nonsynonymous_SNV	p.N484D
chr1	119964962	G	T	HSD3B2	nonsynonymous_SNV	p.D280Y
chr1	161193178	G	T	APOA2	nonsynonymous_SNV	p.A5E
chr1	16199421	C	A	SPEN	stopgain	p.S65X
chr1	17355103	G	C	SDHB	nonsynonymous_SNV	p.L139V
chr1	219347299	T	G	LYPLAL1	nonsynonymous_SNV	p.S23A
chr1	220246259	T	C	BPNT1	nonsynonymous_SNV	p.D34G
chr1	231906819	A	C	DISC1	nonsynonymous_SNV	p.Y546S
chr1	235600751	G	A	TBCE	nonsynonymous_SNV	p.A247T
chr1	245018301	G	C	HNRNPU	nonsynonymous_SNV	p.Q781E
chr1	35857941	A	G	ZMYM4	nonsynonymous_SNV	p.S906G
chr10	101117330	T	G	CNNM1	stopgain	p.Y545X
chr10	14870191	C	T	CDNF	nonsynonymous_SNV	p.E66K
chr10	72195348	C	T	NODAL	nonsynonymous_SNV	p.M195I
chr11	118983319	G	A	C2CD2L	synonymous_SNV	p.E404E
chr11	124955913	G	A	SLC37A2	nonsynonymous_SNV	p.G497R
chr11	126132028	A	C	FAM118B	stoploss	p.X352C
chr11	130332598	G	T	ADAMTS15	nonsynonymous_SNV	p.D489Y
chr11	30938475	G	A	DCDC5	nonsynonymous_SNV	p.L239F
chr11	69063468	T	A	MYEOV	nonsynonymous_SNV	p.V126E
chr11	93439912	T	G	CEP295	synonymous_SNV	p.G1866G
chr12	102455715	A	T	CCDC53	nonsynonymous_SNV	p.M9K
chr12	105550512	A	G	KIAA1033	nonsynonymous_SNV	p.M924V
chr12	109972571	G	A	UBE3B	nonsynonymous_SNV	p.G1064D
chr12	112688001	T	C	HECTD4	nonsynonymous_SNV	p.I1165M
chr12	122459999	T	G	BCL7A	nonsynonymous_SNV	p.M1R
chr12	129283819	T	G	SLC15A4	nonsynonymous_SNV	p.S520R
chr12	18858165	T	C	PLCZ1	nonsynonymous_SNV	p.T267A
chr12	57498589	T	G	STAT6	nonsynonymous_SNV	p.T227P
chr13	72440085	C	T	DACH1	nonsynonymous_SNV	p.E275K
chr15	63541899	G	A	RAB8B	nonsynonymous_SNV	p.A81T
chr15	86278380	A	C	AKAP13	nonsynonymous_SNV	p.K1101N
chr15	98512413	A	C	ARRDC4	nonsynonymous_SNV	p.K229T
chr15	99456496	C	T	IGF1R	nonsynonymous_SNV	p.R605C
chr16	2835930	C	T	PRSS33	nonsynonymous_SNV	p.V38I
chr16	85954883	G	T	IRF8	nonsynonymous_SNV	p.V426F
chr17	11726120	C	T	DNAH9	synonymous_SNV	p.P3005P
chr17	4622646	G	A	ARRB2	nonsynonymous_SNV	p.R268Q
chr17	63052429	C	G	GNA13	nonsynonymous_SNV	p.G95R
chr17	63052633	G	A	GNA13	stopgain\x3bstopgain	p.Q27X
chr17	67016661	T	G	ABCA9	nonsynonymous_SNV	p.E823A
chr18	9886281	G	A	TXNDC2	0	0
chr19	2050815	G	T	MKNK2	nonsynonymous_SNV	p.F12L
chr19	38943512	C	T	RYR1	nonsynonymous_SNV	p.T433M
chr19	39976207	C	T	TIMM50	nonsynonymous_SNV	p.R216C
chr19	4670301	A	G	MYDGF	nonsynonymous_SNV	p.W16R
chr19	46832479	G	T	HIF3A	nonsynonymous_SNV	p.D417Y
chr19	46998370	G	A	PNMAL2	nonsynonymous_SNV	p.A118V
chr19	49517853	C	T	RUVBL2	nonsynonymous_SNV	p.R372C
chr19	50881832	G	C	NR1H2	nonsynonymous_SNV	p.E79Q
chr2	11742577	G	A	GREB1	nonsynonymous_SNV	p.E859K
chr2	176973684	G	C	HOXD11	nonsynonymous_SNV	p.Q277H
chr2	179552892	A	T	TTN	nonsynonymous_SNV	p.Y9509N
chr2	1926142	C	A	MYT1L	nonsynonymous_SNV	p.D467Y
chr2	200246484	C	T	SATB2	nonsynonymous_SNV	p.D136N
chr2	207041403	T	A	GPR1	nonsynonymous_SNV	p.N190I
chr2	219362579	G	A	USP37	nonsynonymous_SNV	p.R387C
chr2	219696061	T	C	PRKAG3	nonsynonymous_SNV	p.Q24R
chr2	220366625	C	T	GMPPA	stopgain	p.R99X
chr2	32476246	C	A	NLRC4	nonsynonymous_SNV	p.K229N
chr2	61719472	C	T	XPO1	nonsynonymous_SNV\x3bnonsynonymous_SNV	p.E571K
chr2	64112884	A	T	UGP2	nonsynonymous_SNV	p.Y235F
chr2	64112899	A	T	UGP2	nonsynonymous_SNV	p.N240I
chr2	70504315	C	A	PCYOX1	nonsynonymous_SNV	p.P437T
chr20	41419987	G	A	PTPRT	nonsynonymous_SNV	p.R112C
chr20	4228724	C	T	ADRA1D	nonsynonymous_SNV	p.R294H
chr20	52192344	G	A	ZNF217	stopgain	p.Q987X
chr21	43259869	C	T	PRDM15	nonsynonymous_SNV	p.R282Q
chr21	47666745	T	C	MCM3AP	nonsynonymous_SNV	p.D1449G
chr22	19211488	G	T	CLTCL1	nonsynonymous_SNV	p.Q740K
chr22	41533775	A	C	EP300	nonsynonymous_SNV	p.N581H
chr3	187443367	C	T	BCL6	nonsynonymous_SNV	p.A531T
chr3	195300779	G	A	APOD	stopgain	p.Q63X
chr3	21706379	G	A	ZNF385D	nonsynonymous_SNV	p.A55V
chr3	38416747	T	A	XYLB	nonsynonymous_SNV	p.L334Q
chr4	114682200	T	A	CAMK2D	nonsynonymous_SNV	p.R9W
chr4	13617051	T	A	BOD1L1	nonsynonymous_SNV	p.R148S
chr4	187172781	C	T	KLKB1	nonsynonymous_SNV	p.P337S
chr4	30723108	C	T	PCDH7	nonsynonymous_SNV	p.P22S
chr4	30725449	C	T	PCDH7	nonsynonymous_SNV	p.S802F
chr4	39116889	A	C	KLHL5	nonsynonymous_SNV	p.D656A
chr5	100192030	G	C	ST8SIA4	nonsynonymous_SNV	p.P192A
chr5	131924513	T	G	RAD50	nonsynonymous_SNV	p.F396V
chr5	134871161	G	A	NEUROG1	nonsynonymous_SNV	p.R74C
chr5	137803667	T	C	EGR1	nonsynonymous_SNV	p.V510A
chr5	141694642	A	C	SPRY4	nonsynonymous_SNV	p.L11W
chr5	149441159	C	T	CSF1R	0	0
chr5	171337679	T	A	FBXW11	nonsynonymous_SNV	p.E56D
chr5	178413565	G	A	GRM6	nonsynonymous_SNV	p.P564S
chr5	89979670	A	C	ADGRV1	nonsynonymous_SNV	p.I1978L
chr6	112437110	T	C	LAMA4	nonsynonymous_SNV	p.S1690G
chr6	128294921	A	T	PTPRK	nonsynonymous_SNV	p.S1340T
chr6	152771830	T	C	SYNE1	nonsynonymous_SNV	p.R1116G
chr6	16326854	G	A	ATXN1	nonsynonymous_SNV	p.P563L
chr6	170168267	G	A	ERMARD	nonsynonymous_SNV	p.M227I
chr6	26027345	G	A	HIST1H4B	stopgain	p.R46X
chr6	26189207	G	A	HIST1H4D	nonsynonymous_SNV	p.P33L
chr6	26234591	C	T	HIST1H1D	nonsynonymous_SNV	p.A191T
chr6	39877615	C	T	MOCS1	nonsynonymous_SNV	p.G356R
chr6	89324052	G	C	RNGTT	nonsynonymous_SNV	p.S440R
chr6	89324065	A	G	RNGTT	nonsynonymous_SNV	p.F436S
chr7	126883204	C	T	GRM8	nonsynonymous_SNV	p.A19T
chr7	129394882	T	A	NRF1	nonsynonymous_SNV	p.M297K
chr7	137613052	G	A	CREB3L2	nonsynonymous_SNV	p.P55S
chr7	138522710	G	A	KIAA1549	nonsynonymous_SNV	p.R1932C
chr7	13975414	G	C	ETV1	nonsynonymous_SNV	p.T100R
chr7	139824574	T	G	KDM7A	nonsynonymous_SNV	p.I300L
chr7	76828761	G	T	FGL2	nonsynonymous_SNV	p.P117H
chr7	83035376	C	A	SEMA3E	0	0
chr7	83634835	C	T	SEMA3A	nonsynonymous_SNV	p.D394N
chr7	92821588	G	T	HEPACAM2	nonsynonymous_SNV	p.P435T
chr7	95664977	C	G	DYNC1I1	nonsynonymous_SNV	p.T406S
chr8	116616874	G	T	TRPS1	nonsynonymous_SNV	p.T432K
chr8	134472023	A	G	ST3GAL1	nonsynonymous_SNV	p.I336T
chr8	22900690	G	A	TNFRSF10B	stopgain	p.Q71X
chr8	8749949	T	C	MFHAS1	nonsynonymous_SNV	p.E207G
chr9	128112579	C	T	GAPVD1	nonsynonymous_SNV	p.A1081V
chr9	132720798	A	G	FNBP1	nonsynonymous_SNV	p.I127T
chr9	16436226	C	T	BNC2	nonsynonymous_SNV	p.E656K
chr9	32407428	G	A	ACO1	0	0
chr9	88573501	G	T	NAA35	nonsynonymous_SNV	p.K91N
chrX	130412002	C	A	IGSF1	nonsynonymous_SNV	p.K707N
chrX	34148487	C	G	FAM47A	nonsynonymous_SNV	p.A637P
chrX	54263581	C	T	WNK3	nonsynonymous_SNV	p.S1426N
chrX	71359346	C	A	NHSL2	nonsynonymous_SNV	p.Q650K
chrX	74289193	G	A	ABCB7	nonsynonymous_SNV	p.L448F
chrX	78216188	G	T	P2RY10	nonsynonymous_SNV	p.W57C
chr1	198687285	T	A	PTPRC	nonsynonymous_SNV	p.C344S
chr1	198687433	T	C	PTPRC	0	0
chr1	209933574	C	A	TRAF3IP3	nonsynonymous_SNV	p.Q64K
chr1	3598979	A	T	TP73	nonsynonymous_SNV	p.H17L
chr1	6166713	C	T	CHD5	nonsynonymous_SNV	p.R1902H
chr1	9667806	G	A	TMEM201	nonsynonymous_SNV	p.R451Q
chr10	52595948	C	T	A1CF	nonsynonymous_SNV	p.V164I
chr10	73468891	G	A	CDH23	nonsynonymous_SNV	p.R1048H
chr10	73553139	G	A	CDH23	nonsynonymous_SNV	p.V2152I
chr10	96447639	T	C	CYP2C18	nonsynonymous_SNV	p.F94S
chr11	111747698	C	T	FDXACB1	nonsynonymous_SNV	p.V123M
chr11	129784771	A	G	PRDM10	nonsynonymous_SNV	p.V804A
chr11	20181638	C	T	DBX1	nonsynonymous_SNV	p.G78E
chr11	6587924	G	A	DNHD1	nonsynonymous_SNV	p.E3772K
chr11	6629361	C	T	ILK	nonsynonymous_SNV	p.R59W
chr11	78380927	G	A	TENM4	stopgain	p.Q2155X
chr11	84245656	T	A	DLG2	nonsynonymous_SNV	p.N54I
chr11	84245681	C	G	DLG2	nonsynonymous_SNV	p.E46Q
chr12	100166725	A	C	ANKS1B	nonsynonymous_SNV	p.L368R
chr12	109675169	C	G	ACACB	nonsynonymous_SNV	p.S1549C
chr12	122657065	G	A	IL31	nonsynonymous_SNV	p.T130I
chr12	12939964	C	T	APOLD1	nonsynonymous_SNV	p.A73V
chr12	132400448	C	A	ULK1	nonsynonymous_SNV	p.P541H
chr12	31586138	C	T	DENND5B	nonsynonymous_SNV	p.R686H
chr12	45059282	C	T	NELL2	nonsynonymous_SNV	p.D477N
chr12	49689233	G	A	PRPH	nonsynonymous_SNV	p.E84K
chr12	52826964	T	C	KRT75	nonsynonymous_SNV	p.T191A
chr12	56334173	T	C	DGKA	nonsynonymous_SNV	p.Y292H
chr12	57493839	T	C	STAT6	nonsynonymous_SNV	p.Q406R
chr12	7047160	A	C	ATN1	nonsynonymous_SNV	p.E816A
chr13	110438210	C	T	IRS2	nonsynonymous_SNV	p.G64E
chr13	60348355	G	T	DIAPH3	nonsynonymous_SNV	p.S833Y
chr14	50788309	A	G	ATP5S	nonsynonymous_SNV	p.N50S
chr14	64468784	C	G	SYNE2	nonsynonymous_SNV	p.I1257M
chr14	99640889	C	A	BCL11B	nonsynonymous_SNV	p.G690C
chr15	44859747	C	T	SPG11	nonsynonymous_SNV	p.C2097Y
chr16	11016331	C	T	CIITA	nonsynonymous_SNV	p.H517Y
chr16	11348888	G	C	SOCS1	nonsynonymous_SNV	p.L150V
chr16	1961956	C	T	HS3ST6	nonsynonymous_SNV	p.A222T
chr16	20043122	G	A	GPR139	nonsynonymous_SNV	p.H333Y
chr16	23083434	G	C	USP31	nonsynonymous_SNV	p.S807C
chr16	27357860	A	C	IL4R	nonsynonymous_SNV	p.N145T
chr16	27357861	C	G	IL4R	nonsynonymous_SNV	p.N145K
chr16	27357878	A	C	IL4R	nonsynonymous_SNV	p.N151T
chr16	27357892	C	A	IL4R	nonsynonymous_SNV	p.H156N
chr16	30364968	G	T	CD2BP2	nonsynonymous_SNV	p.R177S
chr16	30953546	A	C	FBXL19	nonsynonymous_SNV	p.S491R
chr17	11726272	A	G	DNAH9	nonsynonymous_SNV	p.H3056R
chr17	4995300	A	C	ZFP3	nonsynonymous_SNV	p.K167N
chr17	62574652	G	A	SMURF2	nonsynonymous_SNV	p.T272I
chr17	63049784	G	A	GNA13	stopgain	p.Q21X
chr17	7577538	C	T	TP53	nonsynonymous_SNV	p.R116Q
chr17	78363981	T	G	RNF213	nonsynonymous_SNV	p.F5152C
chr18	48510474	A	G	ELAC1	nonsynonymous_SNV	p.T56A
chr18	48723170	G	A	MEX3C	nonsynonymous_SNV	p.A174V
chr19	1012462	C	T	TMEM259	nonsynonymous_SNV	p.D240N
chr19	12243559	C	A	ZNF20	nonsynonymous_SNV	p.C478F
chr19	30505848	C	G	URI1	nonsynonymous_SNV	p.P494A
chr2	218683085	G	T	TNS1	nonsynonymous_SNV	p.P1199T
chr2	228162570	G	A	COL4A3	nonsynonymous_SNV	p.S1249N
chr2	232672347	C	T	COPS7B	nonsynonymous_SNV	p.R208C
chr2	71797819	G	A	DYSF	nonsynonymous_SNV	p.R1027H
chr20	10030043	G	A	ANKEF1	nonsynonymous_SNV	p.D276N
chr20	62323147	A	G	RTEL1	nonsynonymous_SNV	p.E647G
chr21	45713762	T	C	AIRE	nonsynonymous_SNV	p.C457R
chr22	35661326	A	T	HMGXB4	nonsynonymous_SNV	p.E315D
chr3	125279288	C	T	OSBPL11	nonsynonymous_SNV	p.E364K
chr3	170078393	C	T	SKIL	stopgain	p.Q92X
chr3	170789013	T	G	TNIK	nonsynonymous_SNV	p.K1091T
chr3	52403977	C	T	DNAH1	nonsynonymous_SNV	p.P2027L
chr3	56044602	G	A	ERC2	nonsynonymous_SNV	p.R599C
chr3	69299216	T	G	FRMD4B	nonsynonymous_SNV	p.K179T
chr3	70008500	C	T	MITF	nonsynonymous_SNV	p.R263C
chr3	99513914	G	A	COL8A1	nonsynonymous_SNV	p.G390E
chr4	157693849	C	T	PDGFC	nonsynonymous_SNV	p.R231K
chr4	158064958	G	A	GLRB	0	0
chr4	187532705	A	C	FAT1	nonsynonymous_SNV	p.F3230V
chr4	187630437	C	G	FAT1	nonsynonymous_SNV	p.G182A
chr4	5733347	C	T	EVC	nonsynonymous_SNV	p.R194W
chr5	139908126	A	T	ANKHD1,ANKHD1-EIF4EBP3	nonsynonymous_SNV	p.Q1865H
chr5	161119054	G	A	GABRA6	nonsynonymous_SNV	p.A312T
chr5	173372000	G	A	CPEB4	nonsynonymous_SNV	p.G413E
chr5	176894582	G	A	DBN1	nonsynonymous_SNV	p.A126V
chr5	177548189	A	T	N4BP3	nonsynonymous_SNV	p.S315C
chr5	34007895	A	G	AMACR	nonsynonymous_SNV	p.L77P
chr5	35065748	C	G	PRLR	nonsynonymous_SNV	p.E337Q
chr5	82815797	G	T	VCAN	stopgain	p.E558X
chr6	122733543	A	C	HSF2	nonsynonymous_SNV	p.D40A
chr6	154544379	T	G	IPCEF1	0	0
chr6	26250620	C	A	HIST1H3F	nonsynonymous_SNV	p.V72L
chr6	27860640	C	G	HIST1H2AM	nonsynonymous_SNV	p.K96N
chr6	32632678	G	C	HLA-DQB1	stopgain	p.Y92X
chr6	33255391	C	T	WDR46	nonsynonymous_SNV	p.R189Q
chr6	39286892	C	T	KCNK16	stopgain	p.W77X
chr7	82453557	G	C	PCLO	stopgain	p.S4864X
chr7	82580404	G	A	PCLO	nonsynonymous_SNV	p.T3167I
chr7	82580465	T	C	PCLO	nonsynonymous_SNV	p.T3147A
chr8	101733733	G	A	PABPC1	nonsynonymous_SNV	p.L27F
chr8	104427060	A	G	SLC25A32	nonsynonymous_SNV	p.S36P
chr8	144911454	G	C	PUF60	nonsynonymous_SNV	p.A7G
chr8	48856445	T	G	PRKDC	0	0
chr9	109691279	C	T	ZNF462	nonsynonymous_SNV	p.L1696F
chr9	129870668	C	T	ANGPTL2	nonsynonymous_SNV	p.G115S
chr9	130716133	G	A	FAM102A	nonsynonymous_SNV	p.P73L
chr9	131340504	G	C	SPTAN1	nonsynonymous_SNV	p.D401H
chr9	135777088	T	C	TSC1	0	0
chr9	34552725	G	C	CNTFR	nonsynonymous_SNV	p.A299G
chr9	35748460	A	T	GBA2	nonsynonymous_SNV	p.V81E
chr9	80537111	G	A	GNAQ	nonsynonymous_SNV	p.T96I
chr9	82320816	G	T	TLE4	stopgain	p.E223X
chrX	129318542	C	T	RAB33A	nonsynonymous_SNV	p.S181L
chrX	135593892	C	T	HTATSF1	nonsynonymous_SNV	p.A663V
chrX	148037631	C	T	AFF2	nonsynonymous_SNV	p.P327S
chrX	148568615	C	A	IDS	stopgain	p.E341X
chrX	35944285	G	T	CFAP47	nonsynonymous_SNV	p.G134V
chrX	76920172	C	A	ATRX	nonsynonymous_SNV	p.R1264I
chr1	109839700	G	A	MYBPHL	nonsynonymous_SNV	p.T181M
chr1	173951999	C	T	RC3H1	nonsynonymous_SNV	p.E212K
chr1	21143896	C	T	EIF4G3	nonsynonymous_SNV	p.D1446N
chr1	226923688	G	A	ITPKB	nonsynonymous_SNV	p.P491L
chr1	226923689	G	A	ITPKB	nonsynonymous_SNV	p.P491S
chr1	226924264	C	G	ITPKB	nonsynonymous_SNV	p.S299T
chr1	226924345	G	A	ITPKB	nonsynonymous_SNV	p.A272V
chr1	226924694	C	T	ITPKB	nonsynonymous_SNV	p.A156T
chr1	23769085	C	T	ASAP3	nonsynonymous_SNV	p.R156H
chr1	249142258	G	A	ZNF672	nonsynonymous_SNV	p.R262H
chr1	60463304	T	C	C1orf87	nonsynonymous_SNV	p.Y486C
chr1	65305421	C	T	JAK1	nonsynonymous_SNV	p.E903K
chr10	116073781	G	A	AFAP1L2	nonsynonymous_SNV	p.P214L
chr10	125769811	C	T	CHST15	nonsynonymous_SNV	p.A514T
chr10	134006300	C	G	DPYSL4	nonsynonymous_SNV	p.F89L
chr10	26575370	C	T	GAD2	stopgain	p.Q445X
chr10	33475234	C	G	NRP1	nonsynonymous_SNV	p.D743H
chr10	45480295	G	A	RASSF4	synonymous_SNV	p.L136L
chr10	55582724	C	A	PCDH15	nonsynonymous_SNV	p.V1548F
chr10	68979454	T	C	CTNNA3	nonsynonymous_SNV	p.I252V
chr10	94828229	T	G	CYP26C1	nonsynonymous_SNV	p.H448Q
chr11	111156604	C	T	C11orf53	nonsynonymous_SNV	p.P179L
chr11	34378502	A	C	ABTB2	nonsynonymous_SNV	p.F210C
chr11	76171078	C	T	EMSY	nonsynonymous_SNV	p.P175S
chr12	10342495	C	A	TMEM52B	nonsynonymous_SNV	p.S83Y
chr12	130921797	C	T	RIMBP2	nonsynonymous_SNV	p.V549M
chr12	2064711	C	T	DCP1B	nonsynonymous_SNV	p.E180K
chr12	45810658	G	T	ANO6	stopgain	p.G730X
chr12	6886957	G	C	LAG3	nonsynonymous_SNV	p.G434A
chr12	83455561	A	G	TMTC2	nonsynonymous_SNV	p.N761S
chr13	20797341	C	T	GJB6	nonsynonymous_SNV	p.M93I
chr13	41766824	C	T	KBTBD7	nonsynonymous_SNV	p.E524K
chr13	74269713	T	A	KLF12	stopgain	p.K375X
chr13	84453917	C	A	SLITRK1	stopgain	p.E576X
chr14	103371656	C	A	TRAF3	stopgain	p.Y331X
chr14	45432699	T	G	FAM179B	nonsynonymous_SNV	p.L359V
chr15	30058676	C	A	TJP1	stopgain	p.E128X
chr15	42167227	C	T	SPTBN5	nonsynonymous_SNV	p.E1439K
chr15	45003767	C	A	B2M	nonsynonymous_SNV	p.A8D
chr15	45694710	G	A	SPATA5L1	nonsynonymous_SNV	p.R28H
chr15	59387091	G	A	RNF111	nonsynonymous_SNV	p.E994K
chr15	91312814	G	A	BLM	synonymous_SNV	p.Q851Q
chr16	10971239	G	C	CIITA	nonsynonymous_SNV\x3bnonsynonymous_SNV	p.G18R
chr16	11348920	C	A	SOCS1	nonsynonymous_SNV	p.G139V
chr16	11349035	A	C	SOCS1	nonsynonymous_SNV	p.F101V
chr16	11349101	A	T	SOCS1	nonsynonymous_SNV\x3bnonsynonymous_SNV	p.F79I
chr16	1621435	T	C	IFT140	nonsynonymous_SNV	p.H542R
chr16	31283289	C	T	ITGAM	nonsynonymous_SNV	p.T227M
chr16	49671157	G	A	ZNF423	stopgain	p.Q576X
chr16	49671477	T	C	ZNF423	nonsynonymous_SNV	p.E469G
chr16	57448993	C	T	CCL17	nonsynonymous_SNV	p.A24V
chr16	57449092	G	A	CCL17	nonsynonymous_SNV	p.C57Y
chr16	67911146	C	T	EDC4	nonsynonymous_SNV	p.R160W
chr16	72992860	C	G	ZFHX3	nonsynonymous_SNV	p.L395F
chr17	35454765	G	A	ACACA	synonymous_SNV	p.S2145S
chr19	18375427	G	A	KIAA1683	nonsynonymous_SNV	p.L975F
chr19	47503760	C	T	ARHGAP35	nonsynonymous_SNV	p.R1439W
chr19	47960610	C	T	SLC8A2	nonsynonymous_SNV	p.R306H
chr19	49119393	T	C	RPL18	nonsynonymous_SNV	p.T93A
chr19	50970928	C	T	FAM71E1	nonsynonymous_SNV	p.R233H
chr19	681380	G	C	FSTL3	nonsynonymous_SNV	p.D185H
chr2	141641399	C	T	LRP1B	nonsynonymous_SNV	p.D1386N
chr2	165802208	C	A	SLC38A11	nonsynonymous_SNV	p.G31W
chr2	192227088	A	C	MYO1B	nonsynonymous_SNV	p.R252S
chr2	21226091	G	T	APOB	nonsynonymous_SNV	p.T4068N
chr2	228104878	G	C	COL4A3	nonsynonymous_SNV	p.G55A
chr2	242151542	C	T	ANO7	nonsynonymous_SNV	p.A586V
chr2	27703001	G	C	IFT172	nonsynonymous_SNV	p.N267K
chr2	74043279	G	T	C2orf78	nonsynonymous_SNV	p.K643N
chr2	74460561	C	T	SLC4A5	nonsynonymous_SNV	p.V855I
chr2	85273402	G	T	KCMF1	0	0
chr2	85866414	T	A	USP39	nonsynonymous_SNV	p.L292H
chr22	25120942	C	A	PIWIL3	nonsynonymous_SNV	p.D724Y
chr22	30691000	C	T	TBC1D10A	nonsynonymous_SNV	p.R197Q
chr22	38028664	C	A	GGA1	nonsynonymous_SNV	p.N535K
chr3	100170600	A	T	LNP1	nonsynonymous_SNV	p.H65L
chr3	121615314	A	C	SLC15A2	nonsynonymous_SNV	p.E56A
chr3	179304340	C	T	ACTL6A	nonsynonymous_SNV	p.R377W
chr3	184062513	C	G	FAM131A	nonsynonymous_SNV	p.P201A
chr3	194117415	C	T	GP5	nonsynonymous_SNV	p.A533T
chr3	43121249	A	C	POMGNT2	nonsynonymous_SNV	p.W559G
chr3	48845090	C	T	PRKAR2A	nonsynonymous_SNV	p.R97Q
chr4	126238384	C	T	FAT4	nonsynonymous_SNV	p.A273V
chr4	134073163	G	A	PCDH10	nonsynonymous_SNV	p.G623D
chr4	158257645	G	T	GRIA2	nonsynonymous_SNV	p.K530N
chr4	159754687	G	A	FNIP2	nonsynonymous_SNV	p.D188N
chr4	1957825	A	G	WHSC1	nonsynonymous_SNV	p.T931A
chr4	36109208	C	A	ARAP2	nonsynonymous_SNV	p.D1422Y
chr4	83867561	T	A	LIN54	nonsynonymous_SNV	p.I251F
chr5	102342535	G	T	PAM	nonsynonymous_SNV	p.G505C
chr5	140908327	A	C	DIAPH1	nonsynonymous_SNV	p.M978R
chr5	149792188	C	T	CD74	nonsynonymous_SNV	p.S42N
chr5	160071190	T	C	ATP10B	nonsynonymous_SNV	p.T275A
chr5	167645757	A	C	TENM2	nonsynonymous_SNV	p.T1382P
chr5	174870011	G	A	DRD1	nonsynonymous_SNV	p.S31L
chr5	36117949	G	A	LMBRD2	nonsynonymous_SNV	p.S397F
chr6	108395498	G	A	OSTM1	stopgain	p.Q120X
chr6	138197226	G	A	TNFAIP3	nonsynonymous_SNV	p.C243Y
chr6	142689033	C	T	ADGRG6	nonsynonymous_SNV	p.A144V
chr6	170070725	G	T	WDR27	nonsynonymous_SNV	p.S132R
chr6	26056185	C	T	HIST1H1C	nonsynonymous_SNV	p.A158T
chr6	26189096	G	A	HIST1H4D	nonsynonymous_SNV	p.A70V
chr6	31839101	A	T	SLC44A4	nonsynonymous_SNV	p.W189R
chr6	46656130	C	T	TDRD6	nonsynonymous_SNV	p.R89W
chr6	84303422	G	A	SNAP91	nonsynonymous_SNV	p.P372S
chr7	100212496	G	A	MOSPD3	nonsynonymous_SNV	p.R163H
chr7	126746768	T	G	GRM8	0	0
chr7	32526875	A	C	LSM5	stoploss	p.X63G
chr7	44247014	G	T	YKT6	nonsynonymous_SNV	p.D106Y
chr7	94539496	G	A	PPP1R9A	nonsynonymous_SNV	p.R24Q
chr8	101730421	C	T	PABPC1	nonsynonymous_SNV	p.R94H
chr8	124658095	C	A	KLHL38	nonsynonymous_SNV	p.D544Y
chr8	139164440	G	A	FAM135B	nonsynonymous_SNV	p.R760W
chr8	42162770	G	A	IKBKB	nonsynonymous_SNV	p.V150I
chr8	67479193	C	T	MYBL1	nonsynonymous_SNV	p.R588Q
chr9	104390556	T	G	GRIN3A	nonsynonymous_SNV	p.D827A
chr9	136804324	G	T	VAV2	nonsynonymous_SNV	p.N74K
chr9	138664689	G	A	KCNT1	nonsynonymous_SNV	p.V668I
chr9	17235740	G	T	CNTLN	stopgain	p.E207X
chr9	18777555	C	T	ADAMTSL1	nonsynonymous_SNV	p.R1110C
chr9	8341874	C	A	PTPRD	nonsynonymous_SNV	p.R1182I
chr9	87339221	C	T	NTRK2	nonsynonymous_SNV	p.A268V
chrX	140983121	C	G	MAGEC3	nonsynonymous_SNV	p.P326A
chrX	32503152	G	A	DMD	nonsynonymous_SNV	p.A888V
chrX	48544159	G	A	WAS	nonsynonymous_SNV	p.E133K
chr1	151733987	C	T	MRPL9	nonsynonymous_SNV	p.M176I
chr1	158639576	T	G	SPTA1	nonsynonymous_SNV	p.T534P
chr1	160593951	G	C	SLAMF1	nonsynonymous_SNV	p.A242G
chr1	177001708	C	T	ASTN1	nonsynonymous_SNV	p.R250H
chr1	201175364	C	T	IGFN1	nonsynonymous_SNV	p.A448V
chr1	203274858	C	T	BTG2	nonsynonymous_SNV	p.L42F
chr1	203276496	C	T	BTG2	nonsynonymous_SNV	p.T136I
chr1	214791924	C	T	CENPF	nonsynonymous_SNV	p.S123F
chr1	216251590	T	C	USH2A	nonsynonymous_SNV	p.I1805V
chr10	102894057	G	A	TLX1	nonsynonymous_SNV	p.A232T
chr10	124189425	G	A	PLEKHA1	nonsynonymous_SNV	p.D396N
chr10	124605296	T	A	CUZD1	nonsynonymous_SNV	p.T22S
chr11	124619739	T	A	VSIG2	nonsynonymous_SNV	p.S151C
chr11	30937194	G	T	DCDC5	nonsynonymous_SNV	p.Q280K
chr11	64122744	G	T	CCDC88B	nonsynonymous_SNV	p.R1393L
chr11	67021799	C	T	KDM2A	nonsynonymous_SNV	p.H634Y
chr11	67812539	G	A	TCIRG1	nonsynonymous_SNV	p.G163S
chr11	92600249	A	G	FAT3	nonsynonymous_SNV	p.K4001E
chr11	94349669	C	T	PIWIL4	nonsynonymous_SNV	p.R652C
chr12	1221425	G	A	ERC1	stopgain	p.W454X
chr12	57625586	G	A	SHMT2	stopgain	p.W134X
chr12	6058956	C	A	VWF	nonsynonymous_SNV	p.C2750F
chr13	77672320	C	T	MYCBP2	nonsynonymous_SNV	p.R2990Q
chr14	77769269	G	T	POMT2	nonsynonymous_SNV	p.L189M
chr15	66853376	C	T	LCTL	nonsynonymous_SNV	p.G52S
chr15	74426791	G	A	ISLR2	nonsynonymous_SNV	p.V566M
chr15	74487643	C	T	STRA6	synonymous_SNV	p.K199K
chr16	4165237	G	A	ADCY9	synonymous_SNV	p.G69G
chr16	58550552	T	C	SETD6	nonsynonymous_SNV	p.L216P
chr17	21215580	T	C	MAP2K3	nonsynonymous_SNV	p.F272L
chr18	51025778	C	T	DCC	stopgain	p.R1337X
chr19	12866552	C	T	BEST2	stopgain	p.Q280X
chr19	19261541	C	T	MEF2B,MEF2BNB-MEF2B	nonsynonymous_SNV	p.G2R
chr19	21240611	C	T	ZNF430	synonymous_SNV	p.N498N
chr19	537086	G	A	CDC34	nonsynonymous_SNV	p.V146M
chr19	54756836	G	T	LILRB5	nonsynonymous_SNV	p.L358M
chr19	6040049	C	T	RFX2	nonsynonymous_SNV	p.G155E
chr2	11935546	G	T	LPIN1	stopgain	p.E571X
chr2	160735849	T	C	LY75,LY75-CD302	nonsynonymous_SNV	p.E479G
chr2	179334447	C	A	FKBP7	stopgain	p.G146X
chr2	179458196	G	C	TTN	nonsynonymous_SNV	p.P10515R
chr2	227779050	C	T	RHBDD1	nonsynonymous_SNV	p.A280V
chr2	68415773	A	C	PPP3R1	nonsynonymous_SNV	p.D31E
chr2	96809590	T	A	DUSP2	nonsynonymous_SNV	p.Q306L
chr21	41710297	G	T	DSCAM	nonsynonymous_SNV	p.A505E
chr22	31524199	G	A	INPP5J	0	0
chr22	50694549	T	C	MAPK12	nonsynonymous_SNV	p.E185G
chr3	121981066	G	T	CASR	nonsynonymous_SNV	p.C395F
chr3	131261409	A	T	CPNE4	nonsynonymous_SNV	p.F529I
chr3	44636406	C	T	ZNF660	nonsynonymous_SNV	p.R241C
chr3	48604167	C	T	COL7A1	nonsynonymous_SNV	p.E2744K
chr4	143129604	A	G	INPP4B	nonsynonymous_SNV	p.M349T
chr4	156837056	T	A	TDO2	stopgain	p.Y296X
chr4	91549294	G	A	CCSER1	nonsynonymous_SNV	p.G615S
chr5	125912799	C	T	ALDH7A1	nonsynonymous_SNV	p.A208T
chr5	138723773	C	T	MZB1	nonsynonymous_SNV	p.G117E
chr5	140516043	G	A	PCDHB5	nonsynonymous_SNV	p.A343T
chr5	2748623	G	A	IRX2	nonsynonymous_SNV	p.A400V
chr6	24576729	C	A	KIAA0319	nonsynonymous_SNV	p.G489V
chr6	32609146	T	G	HLA-DQA1	nonsynonymous_SNV	p.Y48D
chr6	32632592	C	A	HLA-DQB1	nonsynonymous_SNV	p.G121V
chr6	32632649	C	A	HLA-DQB1	nonsynonymous_SNV	p.G102V
chr6	32632749	A	G	HLA-DQB1	nonsynonymous_SNV	p.Y69H
chr7	100204078	C	G	PCOLCE	nonsynonymous_SNV	p.F255L
chr7	129945667	G	A	CPA4	synonymous_SNV	p.G133G
chr7	36616236	C	T	AOAH	nonsynonymous_SNV	p.R290H
chr7	55459565	C	A	LANCL2	nonsynonymous_SNV	p.A95D
chr7	77973111	A	T	MAGI2	nonsynonymous_SNV	p.D464E
chr8	11660382	A	G	FDFT1	nonsynonymous_SNV	p.Y14C
chr8	41790109	G	A	KAT6A	nonsynonymous_SNV	p.R1877C
chr8	67364279	A	C	ADHFE1	nonsynonymous_SNV	p.N276H
chrX	114422828	G	T	LRCH2	nonsynonymous_SNV	p.A152D
chrX	12994393	C	T	TMSB4X	nonsynonymous_SNV	p.P5S
chrX	31986518	T	A	DMD	nonsynonymous_SNV	p.K843N
chr1	157545489	C	T	FCRL4	synonymous_SNV	p.K487K
chr1	216052400	A	C	USH2A	nonsynonymous_SNV	p.L2755R
chr1	237758836	A	G	RYR2	nonsynonymous_SNV	p.E1492G
chr1	57409383	A	G	C8B	nonsynonymous_SNV	p.L407P
chr1	9085038	G	T	SLC2A7	nonsynonymous_SNV	p.H49Q
chr10	105798859	C	G	COL17A1	nonsynonymous_SNV	p.A973P
chr10	107015489	C	G	SORCS3	nonsynonymous_SNV	p.N1089K
chr11	117395604	G	A	DSCAML1	nonsynonymous_SNV	p.R345W
chr12	41967158	G	T	PDZRN4	nonsynonymous_SNV	p.Q601H
chr12	49438738	G	C	KMT2D	stopgain	p.Y1584X
chr12	50475404	G	A	ASIC1	nonsynonymous_SNV	p.R554Q
chr13	88328982	A	C	SLITRK5	nonsynonymous_SNV	p.M447L
chr14	100743911	C	T	YY1	nonsynonymous_SNV	p.H407Y
chr14	77493943	G	C	IRF2BPL	nonsynonymous_SNV	p.Q65E
chr15	99456386	T	C	IGF1R	nonsynonymous_SNV	p.L568P
chr17	10542484	T	A	MYH3	nonsynonymous_SNV	p.E1042V
chr17	27009744	G	A	SUPT6H	0	0
chr17	67283759	A	G	ABCA5	nonsynonymous_SNV	p.L679P
chr17	72920822	C	T	OTOP2	nonsynonymous_SNV	p.S32L
chr19	38590677	C	T	SIPA1L3	nonsynonymous_SNV	p.P581S
chr2	163124678	T	G	IFIH1	nonsynonymous_SNV	p.N909T
chr2	179578036	G	A	TTN	nonsynonymous_SNV	p.S7698L
chr2	98351002	C	A	ZAP70	nonsynonymous_SNV	p.D303E
chr20	8717835	A	C	PLCB1	nonsynonymous_SNV	p.K735T
chr22	28193974	G	A	MN1	nonsynonymous_SNV	p.P853L
chr3	112992056	C	T	BOC	nonsynonymous_SNV	p.R368C
chr3	62578311	C	T	CADPS	0	0
chr4	100470267	G	C	TRMT10A	nonsynonymous_SNV	p.T333R
chr4	145629397	A	G	HHIP	nonsynonymous_SNV	p.N412S
chr5	149264399	A	G	PDE6A	nonsynonymous_SNV	p.S624P
chr6	147038049	G	T	ADGB	nonsynonymous_SNV	p.G591V
chr6	26234825	C	T	HIST1H1D	nonsynonymous_SNV	p.A113T
chr6	34985330	C	T	ANKS1A	nonsynonymous_SNV	p.L502F
chr6	37139110	G	C	PIM1	nonsynonymous_SNV	p.Q241H
chr6	393222	C	T	IRF4	nonsynonymous_SNV	p.L24F
chr6	393330	C	A	IRF4	nonsynonymous_SNV	p.Q60K
chr6	44270634	T	A	AARS2	nonsynonymous_SNV	p.T757S
chr6	71004186	T	G	COL9A1	nonsynonymous_SNV	p.N127T
chr7	6217460	C	T	CYTH3	nonsynonymous_SNV	p.G121D
chr8	139149480	C	T	FAM135B	nonsynonymous_SNV	p.V1309M
chr8	75227635	G	A	JPH1	synonymous_SNV	p.D200D
chr8	92090816	C	T	OTUD6B	nonsynonymous_SNV	p.T213I
chrX	107978112	A	T	IRS4	nonsynonymous_SNV	p.M488K
chrX	24229365	C	T	ZFX	nonsynonymous_SNV	p.R535W
chrX	39923095	G	A	BCOR	nonsynonymous_SNV	p.P1153S
chr1	181690993	C	T	CACNA1E	nonsynonymous_SNV	p.L686F
chr1	19420632	C	T	UBR4	nonsynonymous_SNV	p.G4583D
chr1	203274858	C	G	BTG2	nonsynonymous_SNV	p.L42V
chr1	33117538	G	A	RBBP4	nonsynonymous_SNV	p.E13K
chr10	116734951	A	T	TRUB1	nonsynonymous_SNV	p.H288L
chr10	63662158	A	T	ARID5B	nonsynonymous_SNV	p.S88C
chr11	17428496	G	A	ABCC8	nonsynonymous_SNV	p.A1034V
chr11	31824374	C	T	PAX6	nonsynonymous_SNV	p.G7R
chr11	45939324	C	T	PEX16	synonymous_SNV	p.E13E
chr11	4608418	G	A	OR52I2	nonsynonymous_SNV	p.A126T
chr11	92257924	A	C	FAT3	nonsynonymous_SNV	p.E1139D
chr12	104086623	G	T	STAB2	nonsynonymous_SNV	p.G1111W
chr12	107713778	C	T	BTBD11	nonsynonymous_SNV	p.T354M
chr12	122255778	C	T	SETD1B	nonsynonymous_SNV	p.A1086V
chr12	19592938	A	G	AEBP2	nonsynonymous_SNV	p.D102G
chr12	21445188	G	T	SLCO1A2	nonsynonymous_SNV	p.S507Y
chr12	49994620	G	A	FAM186B	nonsynonymous_SNV	p.A268V
chr13	114566696	C	T	GAS6	nonsynonymous_SNV	p.R36H
chr14	20586172	A	C	OR4K17	nonsynonymous_SNV	p.N203H
chr14	81251319	G	C	CEP128	nonsynonymous_SNV	p.H711D
chr15	33993252	C	A	RYR3	nonsynonymous_SNV	p.L2152M
chr15	65235707	G	A	ANKDD1A	nonsynonymous_SNV	p.A332T
chr15	81592536	C	T	IL16	nonsynonymous_SNV	p.L256F
chr16	21693085	C	T	OTOA	nonsynonymous_SNV	p.S69F
chr16	24372720	G	T	CACNG3	stopgain	p.G162X
chr17	17131298	T	C	FLCN	nonsynonymous_SNV	p.I52V
chr17	33771766	A	C	SLFN13	nonsynonymous_SNV	p.C312G
chr17	74732326	C	T	SRSF2	nonsynonymous_SNV	p.V195M
chr18	44114321	G	A	LOXHD1	nonsynonymous_SNV	p.R190C
chr18	65181011	A	G	DSEL	nonsynonymous_SNV	p.Y289H
chr19	44377702	T	C	ZNF404	nonsynonymous_SNV	p.K219E
chr19	45567678	C	T	CLASRP	nonsynonymous_SNV	p.S338F
chr19	47570646	C	T	ZC3H4	nonsynonymous_SNV	p.S960N
chr2	112733017	G	A	MERTK	nonsynonymous_SNV	p.S371N
chr2	128775267	T	C	SAP130	nonsynonymous_SNV	p.E138G
chr2	136623770	G	A	MCM6	nonsynonymous_SNV	p.L287F
chr2	163253366	A	T	KCNH7	nonsynonymous_SNV	p.L833M
chr2	27322078	A	C	KHK	nonsynonymous_SNV	p.K193N
chr2	99443527	A	G	KIAA1211L	nonsynonymous_SNV	p.S216P
chr20	23016706	G	A	SSTR4	nonsynonymous_SNV	p.V196M
chr20	58494215	T	G	SYCP2	nonsynonymous_SNV	p.E142A
chr21	39755720	G	A	ERG	nonsynonymous_SNV	p.R257W
chr21	43256653	C	G	PRDM15	nonsynonymous_SNV	p.K406N
chr22	29695251	G	A	EWSR1	stopgain	p.W480X
chr22	30639882	G	T	LIF	nonsynonymous_SNV	p.P63Q
chr3	135720970	G	T	PPP2R3A	nonsynonymous_SNV	p.L210F
chr3	156877771	C	G	CCNL1	nonsynonymous_SNV	p.G38A
chr3	32022427	C	A	OSBPL10	nonsynonymous_SNV	p.S82I
chr3	38182025	G	T	MYD88	nonsynonymous_SNV	p.V172F
chr3	49690306	C	T	BSN	nonsynonymous_SNV	p.T1106M
chr3	52255472	C	A	TLR9	nonsynonymous_SNV	p.A954S
chr4	187530385	G	T	FAT1	nonsynonymous_SNV	p.D3386E
chr5	128932314	G	A	ADAMTS19	nonsynonymous_SNV	p.G473S
chr5	148407719	C	A	SH3TC2	nonsynonymous_SNV	p.A526S
chr5	73205532	T	C	ARHGEF28	nonsynonymous_SNV	p.L1173P
chr5	79032969	C	T	CMYA5	nonsynonymous_SNV	p.T2794I
chr6	148865313	C	A	SASH1	nonsynonymous_SNV	p.P903T
chr6	26056488	C	T	HIST1H1C	nonsynonymous_SNV	p.V57I
chr6	26234747	G	A	HIST1H1D	nonsynonymous_SNV	p.P139S
chr6	27834833	C	T	HIST1H1B	nonsynonymous_SNV	p.A159T
chr6	37138553	G	C	PIM1	nonsynonymous_SNV	p.K120N
chr6	37138951	C	G	PIM1	nonsynonymous_SNV	p.S188R
chr6	75968520	G	A	TMEM30A	stopgain	p.R254X
chr7	121726086	G	A	AASS	nonsynonymous_SNV	p.R722W
chr7	2984142	A	C	CARD11	nonsynonymous_SNV	p.F130V
chr7	64451768	A	T	ERV3-1	nonsynonymous_SNV	p.V546D
chr8	135614440	G	A	ZFAT	stopgain	p.Q446X
chr8	75929281	G	T	CRISPLD1	0	0
chr9	18776940	C	T	ADAMTSL1	nonsynonymous_SNV	p.R905C
chr9	37424972	G	A	GRHPR	nonsynonymous_SNV	p.G72R
chrX	107821324	A	G	COL4A5	nonsynonymous_SNV	p.N221S
chrX	107976900	A	T	IRS4	nonsynonymous_SNV	p.L892H
chrX	49645490	C	T	USP27X	nonsynonymous_SNV	p.H194Y
chr1	101343257	T	C	EXTL2	nonsynonymous_SNV	p.M70V
chr1	10228245	C	T	UBE4B	nonsynonymous_SNV	p.R955C
chr1	120056635	G	T	HSD3B1	nonsynonymous_SNV	p.E163D
chr1	152080078	C	T	TCHH	nonsynonymous_SNV	p.R1872H
chr1	152083040	G	A	TCHH	nonsynonymous_SNV	p.R885C
chr1	16254905	C	T	SPEN	stopgain	p.R724X
chr1	70225916	G	A	LRRC7	nonsynonymous_SNV	p.R10H
chr10	15649776	C	T	ITGA8	nonsynonymous_SNV	p.R540Q
chr10	44052155	C	T	ZNF239	nonsynonymous_SNV	p.R458H
chr11	2435361	C	T	TRPM5	nonsynonymous_SNV	p.S607N
chr11	78383364	C	T	TENM4	nonsynonymous_SNV	p.R1836Q
chr12	131605403	C	T	ADGRD1	nonsynonymous_SNV	p.S707L
chr12	18836249	C	T	PLCZ1	nonsynonymous_SNV	p.R584H
chr12	49425524	G	A	KMT2D	stopgain	p.Q4322X
chr12	51449656	G	A	LETMD1	stopgain	p.W184X
chr12	57587078	T	C	LRP1	nonsynonymous_SNV	p.S2559P
chr16	2811709	C	A	SRRM2	nonsynonymous_SNV	p.P394T
chr17	11461277	G	A	SHISA6	nonsynonymous_SNV	p.D387N
chr17	11671786	C	A	DNAH9	nonsynonymous_SNV	p.A2396E
chr17	36489895	G	A	GPR179	nonsynonymous_SNV	p.P604L
chr17	63049619	C	A	GNA13	0	0
chr17	7578404	A	C	TP53	nonsynonymous_SNV	p.C44G
chr18	10750140	A	G	PIEZO2	nonsynonymous_SNV	p.W1380R
chr18	29055637	A	T	DSG3	nonsynonymous_SNV	p.D805V
chr18	33267020	G	T	GALNT1	nonsynonymous_SNV	p.D244Y
chr19	51169701	G	C	SHANK1	nonsynonymous_SNV	p.P1839R
chr19	8661872	G	C	ADAMTS10	nonsynonymous_SNV	p.R347G
chr19	9064258	C	A	MUC16	nonsynonymous_SNV	p.D7730Y
chr2	1488566	G	A	TPO	nonsynonymous_SNV	p.D340N
chr2	164468191	G	A	FIGN	stopgain	p.Q51X
chr2	179201116	C	A	OSBPL6	nonsynonymous_SNV	p.A228E
chr2	197194325	C	T	HECW2	nonsynonymous_SNV	p.R182Q
chr2	239975175	C	T	HDAC4	nonsynonymous_SNV	p.V1066M
chr2	30965197	T	C	CAPN13	nonsynonymous_SNV	p.M492V
chr20	4162847	C	T	SMOX	nonsynonymous_SNV	p.R241W
chr20	44845477	G	A	CDH22	nonsynonymous_SNV	p.R276C
chr20	61944236	C	T	COL20A1	nonsynonymous_SNV	p.L676F
chr22	25152513	T	G	PIWIL3	nonsynonymous_SNV	p.E172A
chr22	36702472	G	C	MYH9	nonsynonymous_SNV	p.N675K
chr3	16343230	G	C	OXNAD1	nonsynonymous_SNV	p.G177A
chr4	13601001	G	A	BOD1L1	nonsynonymous_SNV	p.P2508L
chr4	174219277	C	A	GALNT7	nonsynonymous_SNV	p.T326N
chr4	46305540	C	A	GABRA2	nonsynonymous_SNV	p.V265F
chr5	140263751	C	T	PCDHA13	nonsynonymous_SNV	p.T633M
chr6	26157009	C	T	HIST1H1E	nonsynonymous_SNV	p.P131S
chr7	45145053	C	A	TBRG4	nonsynonymous_SNV	p.R252L
chr9	77378007	C	T	TRPM6	nonsynonymous_SNV	p.V1189M
chr9	87425461	T	G	NTRK2	nonsynonymous_SNV	p.F467L
chr1	109260651	C	G	FNDC7	nonsynonymous_SNV	p.T112R
chr1	120437633	G	T	ADAM30	nonsynonymous_SNV	p.L443I
chr1	31230504	A	T	LAPTM5	0	0
chr10	115402734	G	A	NRAP	stopgain	p.Q392X
chr11	26681951	G	A	ANO3	nonsynonymous_SNV	p.R823Q
chr11	77378100	G	T	RSF1	nonsynonymous_SNV	p.D1396E
chr12	57009008	A	G	BAZ2A	nonsynonymous_SNV	p.F174L
chr13	113508593	G	A	ATP11A	synonymous_SNV	p.R664R
chr16	3819201	C	A	CREBBP	stopgain	p.E974X
chr17	10214437	C	T	MYH13	nonsynonymous_SNV	p.A1547T
chr17	40475325	A	C	STAT3	nonsynonymous_SNV	p.N567K
chr18	60985542	G	A	BCL2	nonsynonymous_SNV	p.H120Y
chr19	1483416	C	T	PCSK4	nonsynonymous_SNV	p.A480T
chr19	56369934	C	A	NLRP4	nonsynonymous_SNV	p.T392N
chr19	8969380	G	T	MUC16	nonsynonymous_SNV	p.H14322N
chr2	16082569	G	A	MYCN	nonsynonymous_SNV	p.R128H
chr2	170042293	T	C	LRP2	nonsynonymous_SNV	p.K3189E
chr20	43926687	C	T	MATN4	nonsynonymous_SNV	p.V402M
chr20	61982080	T	C	CHRNA4	nonsynonymous_SNV	p.E228G
chr21	35247758	G	A	ITSN1	nonsynonymous_SNV	p.R1425Q
chr22	24582359	G	A	SUSD2	nonsynonymous_SNV	p.E540K
chr22	45996213	G	A	FBLN1	nonsynonymous_SNV	p.V667M
chr3	53761012	T	G	CACNA1D	nonsynonymous_SNV	p.F736C
chr3	56789029	T	C	ARHGEF3	nonsynonymous_SNV	p.K125E
chr3	56789035	T	G	ARHGEF3	nonsynonymous_SNV	p.T123P
chr4	138442806	C	A	PCDH18	nonsynonymous_SNV	p.D928Y
chr4	143352412	T	A	INPP4B	nonsynonymous_SNV	p.M1L
chr5	101599392	C	A	SLCO4C1	stopgain	p.E299X
chr5	140182983	C	T	PCDHA3	nonsynonymous_SNV	p.P734L
chr5	149637136	T	A	CAMK2A	nonsynonymous_SNV	p.I88F
chr5	153054142	C	A	GRIA1	nonsynonymous_SNV	p.T181N
chr5	153433131	T	C	MFAP3	nonsynonymous_SNV	p.V170A
chr5	5239942	C	A	ADAMTS16	stopgain	p.Y809X
chr5	90144490	G	A	ADGRV1	nonsynonymous_SNV	p.A5686T
chr6	154411160	A	G	OPRM1	nonsynonymous_SNV	p.S64G
chr6	167550741	C	G	CCR6	stopgain	p.Y341X
chr6	394899	T	C	IRF4	nonsynonymous_SNV\x3bnonsynonymous_SNV	p.C99R
chr6	87925686	C	A	ZNF292	stopgain	p.Y78X
chr7	2979559	C	T	CARD11	nonsynonymous_SNV	p.D230N
chr8	39785432	C	T	IDO1	nonsynonymous_SNV	p.P314S
chr9	136230437	C	T	SURF4	nonsynonymous_SNV	p.G131S
chr9	139229082	G	A	GPSM1	nonsynonymous_SNV	p.G83S
chrX	118708937	A	T	UBE2A	nonsynonymous_SNV	p.I7F
chr1	145439053	G	A	TXNIP	0	0
chr1	156128180	C	T	SEMA4A	nonsynonymous_SNV	p.T122I
chr1	157670251	AG	A	FCRL3	stopgain	p.L10X
chr1	161137168	A	T	PPOX	nonsynonymous_SNV	p.E77V
chr1	169509890	C	T	F5	nonsynonymous_SNV	p.E1480K
chr1	226925005	C	T	ITPKB	nonsynonymous_SNV	p.R52K
chr1	29365803	C	A	EPB41	nonsynonymous_SNV	p.L466I
chr11	17757679	A	G	KCNC1	nonsynonymous_SNV	p.S44G
chr11	407562	T	G	SIGIRR	nonsynonymous_SNV	p.K163T
chr11	60233497	T	A	MS4A1	stopgain	p.L147X
chr12	106460681	G	A	NUAK1	nonsynonymous_SNV	p.R629W
chr12	109848499	C	A	MYO1H	nonsynonymous_SNV	p.P430T
chr12	122460090	G	A	BCL7A	0	0
chr12	132529870	G	A	EP400	nonsynonymous_SNV	p.G2264D
chr12	49425038	G	A	KMT2D	stopgain	p.R4484X
chr12	49442545	T	A	KMT2D	nonsynonymous_SNV	p.D1343V
chr12	49447793	C	T	KMT2D	nonsynonymous_SNV	p.C214Y
chr12	57346676	A	G	RDH16	nonsynonymous_SNV	p.L224P
chr12	77216262	C	T	ZDHHC17	nonsynonymous_SNV	p.A283V
chr13	51825837	G	A	FAM124A	nonsynonymous_SNV	p.G112S
chr14	64447800	A	G	SYNE2	nonsynonymous_SNV	p.Q582R
chr14	69259598	C	T	ZFP36L1	0	0
chr15	43658551	T	C	ZSCAN29	nonsynonymous_SNV	p.M327V
chr15	56387602	C	G	RFX7	nonsynonymous_SNV	p.G775A
chr15	66853596	C	A	LCTL	nonsynonymous_SNV	p.D7Y
chr16	74678629	G	A	RFWD3	nonsynonymous_SNV	p.S266F
chr17	3417908	G	A	TRPV3	nonsynonymous_SNV	p.P753S
chr17	38447865	G	A	CDC6	nonsynonymous_SNV	p.G202D
chr17	48186682	G	A	PDK2	nonsynonymous_SNV	p.R270H
chr17	57917196	C	T	VMP1	nonsynonymous_SNV	p.S382F
chr17	63052573	G	A	GNA13	nonsynonymous_SNV	p.R47W
chr17	63052626	C	T	GNA13	nonsynonymous_SNV	p.R29H
chr17	63052633	G	A	GNA13	stopgain\x3bstopgain	p.Q27X
chr17	63052671	C	G	GNA13	nonsynonymous_SNV	p.C14S
chr17	77758764	G	A	CBX2	nonsynonymous_SNV	p.V508I
chr18	60985286	C	A	BCL2	nonsynonymous_SNV	p.G205V
chr18	60985308	C	T	BCL2	nonsynonymous_SNV	p.A198T
chr18	60985418	C	T	BCL2	nonsynonymous_SNV	p.S161N
chr18	60985514	C	T	BCL2	nonsynonymous_SNV	p.R129H
chr18	60985542	G	T	BCL2	nonsynonymous_SNV	p.H120N
chr18	60985810	C	G	BCL2	nonsynonymous_SNV	p.W30C
chr19	12780613	C	A	WDR83	nonsynonymous_SNV	p.F3L
chr19	15067297	G	A	SLC1A6	nonsynonymous_SNV	p.T387M
chr19	19260088	A	G	MEF2B,MEF2BNB-MEF2B	nonsynonymous_SNV	p.Y69H
chr19	2050820	C	G	MKNK2	nonsynonymous_SNV	p.G11R
chr19	42396811	G	A	ARHGEF1	nonsynonymous_SNV	p.E136K
chr19	46808573	G	A	HIF3A	nonsynonymous_SNV	p.V95I
chr19	8429339	C	T	ANGPTL4	nonsynonymous_SNV	p.A45V
chr2	165984467	G	A	SCN3A	nonsynonymous_SNV	p.R974W
chr2	170101362	C	T	LRP2	nonsynonymous_SNV	p.D1091N
chr2	1855432	T	G	MYT1L	nonsynonymous_SNV	p.N919H
chr2	96810030	C	T	DUSP2	nonsynonymous_SNV	p.G198D
chr2	96810618	C	T	DUSP2	nonsynonymous_SNV	p.G131D
chr20	60962672	C	T	RPS21	nonsynonymous_SNV	p.A19V
chr3	148596478	G	T	CPA3	nonsynonymous_SNV	p.M139I
chr3	190030789	C	T	CLDN1	nonsynonymous_SNV	p.G87D
chr3	32022391	C	T	OSBPL10	nonsynonymous_SNV	p.R94K
chr3	5229930	C	G	EDEM1	nonsynonymous_SNV	p.A147G
chr3	78734940	A	C	ROBO1	nonsynonymous_SNV	p.V397G
chr5	131663062	T	G	SLC22A4	nonsynonymous_SNV	p.I306R
chr5	142661591	G	A	NR3C1	nonsynonymous_SNV	p.L733F
chr6	134495687	A	T	SGK1	nonsynonymous_SNV	p.F66L
chr6	148855054	C	T	SASH1	nonsynonymous_SNV	p.R628W
chr6	158534480	C	T	SERAC1	0	0
chr6	24667020	T	C	TDP2	nonsynonymous_SNV	p.K24R
chr6	27833306	C	A	HIST1H2AL	stopgain	p.Y58X
chr6	27840083	G	C	HIST1H3I	nonsynonymous_SNV	p.T4R
chr6	37138380	C	T	PIM1	nonsynonymous_SNV	p.A101V
chr6	37138424	C	G	PIM1	nonsynonymous_SNV	p.L116V
chr6	37138950	G	A	PIM1	nonsynonymous_SNV	p.S188N
chr6	47759571	T	G	OPN5	nonsynonymous_SNV	p.F95C
chr6	80203350	G	A	LCA5	stopgain	p.R280X
chr7	104719294	C	A	KMT2E	nonsynonymous_SNV	p.P378T
chr7	119915563	C	T	KCND2	stopgain	p.R293X
chr8	100128051	G	A	VPS13B	nonsynonymous_SNV	p.E296K
chr8	104709447	T	A	RIMS2	nonsynonymous_SNV	p.C104S
chr8	1876713	G	A	ARHGEF10	nonsynonymous_SNV	p.V902I
chr8	8749651	G	C	MFHAS1	nonsynonymous_SNV	p.N306K
chr9	100085178	G	T	CCDC180	nonsynonymous_SNV	p.C452F
chr9	116764342	G	A	ZNF618	nonsynonymous_SNV	p.R135Q
chr9	13121780	T	G	MPDZ	nonsynonymous_SNV	p.K1697T
chr9	139395129	G	A	NOTCH1	nonsynonymous_SNV	p.R1937C
chr9	37424937	C	G	GRHPR	nonsynonymous_SNV	p.S60C
chrX	151124191	C	T	GABRE	nonsynonymous_SNV	p.R309Q
